{
    "name": "standard",


    "encoding": {
        "symbol_bits": 5,
        "message_length": 10,
        "parity_length": 8
    },

    "acoustic": {
        "base_frequency": 1760,
        "interval": 0,
        "fft_size": 2048,

        "frontdoor_note_length": 0.0872,
        "message_note_length": 0.0872,
        "envelope_attack": 0.015,
        "envelope_release": 0.015,
        "portamento": 0.002,
        "frontdoor_silence_length" : 0.0,
        "message_silence_length" : 0.0,

        "frontdoor": [ 17, 19 ]
    }
}
