{"v":"5.4.4","fr":24,"ip":0,"op":1030,"w":450,"h":740,"nm":"Jackpot-4D 450 x 740 dp","ddd":0,"assets":[{"id":"image_0","w":123,"h":59,"u":"images/","p":"img_0.png","e":0},{"id":"image_1","w":320,"h":320,"u":"images/","p":"img_1.png","e":0}],"fonts":{"list":[{"origin":0,"fPath":"","fClass":"","fFamily":"Helvetica","fWeight":"","fStyle":"Regular","fName":"Helvetica","ascent":71.8994140625}]},"layers":[{"ddd":0,"ind":1,"ty":2,"nm":"cover.png","cl":"png","refId":"image_0","sr":1,"ks":{"o":{"a":0,"k":65,"ix":11},"r":{"a":0,"k":0,"ix":10},"p":{"a":0,"k":[268.5,550.5,0],"ix":2},"a":{"a":0,"k":[61.5,29.5,0],"ix":1},"s":{"a":0,"k":[100,100,100],"ix":6}},"ao":0,"ip":0,"op":1056,"st":164,"bm":0},{"ddd":0,"ind":2,"ty":4,"nm":"mask","td":1,"sr":1,"ks":{"o":{"a":0,"k":100,"ix":11},"r":{"a":0,"k":0,"ix":10},"p":{"a":0,"k":[223.369,405.244,0],"ix":2},"a":{"a":0,"k":[-46.926,-229.105,0],"ix":1},"s":{"a":0,"k":[53,53,100],"ix":6}},"ao":0,"shapes":[{"ty":"gr","it":[{"d":1,"ty":"el","s":{"a":0,"k":[419.414,419.414],"ix":2},"p":{"a":0,"k":[0,0],"ix":3},"nm":"Ellipse Path 1","mn":"ADBE Vector Shape - Ellipse","hd":false},{"ty":"st","c":{"a":0,"k":[1,1,1,1],"ix":3},"o":{"a":0,"k":100,"ix":4},"w":{"a":0,"k":2,"ix":5},"lc":1,"lj":1,"ml":4,"bm":0,"nm":"Stroke 1","mn":"ADBE Vector Graphic - Stroke","hd":false},{"ty":"fl","c":{"a":0,"k":[1,1,1,1],"ix":4},"o":{"a":0,"k":100,"ix":5},"r":1,"bm":0,"nm":"Fill 1","mn":"ADBE Vector Graphic - Fill","hd":false},{"ty":"tr","p":{"a":0,"k":[-46.926,-229.105],"ix":2},"a":{"a":0,"k":[0,0],"ix":1},"s":{"a":0,"k":[100,100],"ix":3},"r":{"a":0,"k":0,"ix":6},"o":{"a":0,"k":100,"ix":7},"sk":{"a":0,"k":0,"ix":4},"sa":{"a":0,"k":0,"ix":5},"nm":"Transform"}],"nm":"Ellipse 1","np":3,"cix":2,"bm":0,"ix":1,"mn":"ADBE Vector Group","hd":false}],"ip":516,"op":1056,"st":297,"bm":0},{"ddd":0,"ind":3,"ty":5,"nm":"no 4","tt":2,"sr":1,"ks":{"o":{"a":0,"k":100,"ix":11},"r":{"a":1,"k":[{"i":{"x":[0.833],"y":[0.833]},"o":{"x":[0.492],"y":[0]},"t":913,"s":[0],"e":[720]},{"i":{"x":[0.833],"y":[0.833]},"o":{"x":[0.418],"y":[0]},"t":939,"s":[720],"e":[-1080]},{"i":{"x":[0.667],"y":[1]},"o":{"x":[1],"y":[1]},"t":970,"s":[-1080],"e":[-990]},{"i":{"x":[0.833],"y":[0.833]},"o":{"x":[0.333],"y":[0]},"t":975,"s":[-990],"e":[-1080]},{"i":{"x":[0.667],"y":[1]},"o":{"x":[0.167],"y":[0.167]},"t":980,"s":[-1080],"e":[-1035]},{"i":{"x":[0.833],"y":[0.833]},"o":{"x":[0.333],"y":[0]},"t":983,"s":[-1035],"e":[-1080]},{"t":986}],"ix":10},"p":{"a":1,"k":[{"i":{"x":0.667,"y":1},"o":{"x":0.333,"y":0},"t":820,"s":[223.33,304.6,0],"e":[224.83,282.06,0],"to":[0,0,0],"ti":[0,3.757,0]},{"t":825,"s":[224.83,282.06,0],"h":1},{"i":{"x":0.667,"y":1},"o":{"x":0.333,"y":0},"t":836,"s":[223.33,282.06,0],"e":[102.38,406.95,0],"to":[-49.9,-0.74,0],"ti":[0.06,-87.83,0]},{"t":866,"s":[102.38,406.95,0],"h":1},{"i":{"x":0.667,"y":1},"o":{"x":0.333,"y":0},"t":883,"s":[102.38,406.95,0],"e":[224.33,530.57,0],"to":[1.71,64.59,0],"ti":[-76.018,-2.179,0]},{"i":{"x":0.648,"y":0.288},"o":{"x":0.308,"y":0},"t":913,"s":[224.33,530.57,0],"e":[223.879,542.894,0],"to":[0.012,3.434,0],"ti":[0.336,-4.145,0]},{"i":{"x":0.833,"y":0.833},"o":{"x":0.39,"y":0.245},"t":919,"s":[223.879,542.894,0],"e":[340.107,586.32,0],"to":[21.63,0.813,0],"ti":[-10.502,-45.799,0]},{"i":{"x":0.667,"y":1},"o":{"x":0.334,"y":0},"t":939,"s":[340.107,586.32,0],"e":[332.304,580.557,0],"to":[-0.277,-0.117,0],"ti":[4.849,-0.519,0]},{"i":{"x":0.667,"y":1},"o":{"x":0.333,"y":0},"t":942,"s":[332.304,580.557,0],"e":[325.117,586.767,0],"to":[-6.263,0.153,0],"ti":[0,0,0]},{"i":{"x":0.833,"y":0.833},"o":{"x":0.431,"y":0.777},"t":945,"s":[325.117,586.767,0],"e":[215.759,595.217,0],"to":[0,0,0],"ti":[0,0,0]},{"i":{"x":0.667,"y":1},"o":{"x":0.167,"y":0.167},"t":970,"s":[215.759,595.217,0],"e":[229.703,594.258,0],"to":[0,0,0],"ti":[0,0,0]},{"i":{"x":0.833,"y":0.833},"o":{"x":0.333,"y":0},"t":975,"s":[229.703,594.258,0],"e":[215.759,595.217,0],"to":[0,0,0],"ti":[0,0,0]},{"i":{"x":0.667,"y":1},"o":{"x":0.167,"y":0.167},"t":980,"s":[215.759,595.217,0],"e":[220.975,594.952,0],"to":[0,0,0],"ti":[0,0,0]},{"i":{"x":0.833,"y":0.833},"o":{"x":0.333,"y":0},"t":983,"s":[220.975,594.952,0],"e":[215.759,595.217,0],"to":[0,0,0],"ti":[0,0,0]},{"t":986}],"ix":2},"a":{"a":0,"k":[-0.25,-5.75,0],"ix":1},"s":{"a":0,"k":[53,53,100],"ix":6}},"ao":0,"t":{"d":{"k":[{"s":{"s":20,"f":"Helvetica","t":"4","j":2,"tr":0,"lh":24,"ls":0,"fc":[0,0,0]},"t":0}]},"p":{},"m":{"g":1,"a":{"a":0,"k":[0,0],"ix":2}},"a":[]},"ip":516,"op":1056,"st":297,"bm":0},{"ddd":0,"ind":4,"ty":4,"nm":"mask","td":1,"sr":1,"ks":{"o":{"a":0,"k":100,"ix":11},"r":{"a":0,"k":0,"ix":10},"p":{"a":0,"k":[223.369,405.244,0],"ix":2},"a":{"a":0,"k":[-46.926,-229.105,0],"ix":1},"s":{"a":0,"k":[53,53,100],"ix":6}},"ao":0,"shapes":[{"ty":"gr","it":[{"d":1,"ty":"el","s":{"a":0,"k":[419.414,419.414],"ix":2},"p":{"a":0,"k":[0,0],"ix":3},"nm":"Ellipse Path 1","mn":"ADBE Vector Shape - Ellipse","hd":false},{"ty":"st","c":{"a":0,"k":[1,1,1,1],"ix":3},"o":{"a":0,"k":100,"ix":4},"w":{"a":0,"k":2,"ix":5},"lc":1,"lj":1,"ml":4,"bm":0,"nm":"Stroke 1","mn":"ADBE Vector Graphic - Stroke","hd":false},{"ty":"fl","c":{"a":0,"k":[1,1,1,1],"ix":4},"o":{"a":0,"k":100,"ix":5},"r":1,"bm":0,"nm":"Fill 1","mn":"ADBE Vector Graphic - Fill","hd":false},{"ty":"tr","p":{"a":0,"k":[-46.926,-229.105],"ix":2},"a":{"a":0,"k":[0,0],"ix":1},"s":{"a":0,"k":[100,100],"ix":3},"r":{"a":0,"k":0,"ix":6},"o":{"a":0,"k":100,"ix":7},"sk":{"a":0,"k":0,"ix":4},"sa":{"a":0,"k":0,"ix":5},"nm":"Transform"}],"nm":"Ellipse 1","np":3,"cix":2,"bm":0,"ix":1,"mn":"ADBE Vector Group","hd":false},{"ty":"gr","it":[{"ty":"gr","it":[{"ty":"gr","it":[{"ty":"fl","c":{"a":0,"k":[1,1,1,1],"ix":4},"o":{"a":0,"k":100,"ix":5},"r":1,"bm":0,"nm":"Fill 1","mn":"ADBE Vector Graphic - Fill","hd":false},{"ty":"tr","p":{"a":0,"k":[406.942,45.589],"ix":2},"a":{"a":0,"k":[0,0],"ix":1},"s":{"a":0,"k":[100,100],"ix":3},"r":{"a":0,"k":0,"ix":6},"o":{"a":0,"k":100,"ix":7},"sk":{"a":0,"k":0,"ix":4},"sa":{"a":0,"k":0,"ix":5},"nm":"Transform"}],"nm":"square back","np":3,"cix":2,"bm":0,"ix":1,"mn":"ADBE Vector Group","hd":false},{"ty":"tr","p":{"a":0,"k":[-0.228,-4.755],"ix":2},"a":{"a":0,"k":[453.933,13.737],"ix":1},"s":{"a":0,"k":[100,100],"ix":3},"r":{"a":0,"k":0,"ix":6},"o":{"a":0,"k":100,"ix":7},"sk":{"a":0,"k":0,"ix":4},"sa":{"a":0,"k":0,"ix":5},"nm":"Transform"}],"nm":"Square","np":1,"cix":2,"bm":0,"ix":1,"mn":"ADBE Vector Group","hd":false},{"ty":"gr","it":[{"d":1,"ty":"el","s":{"a":0,"k":[50.629,50.629],"ix":2},"p":{"a":0,"k":[0,0],"ix":3},"nm":"Ellipse Path 1","mn":"ADBE Vector Shape - Ellipse","hd":false},{"ty":"st","c":{"a":0,"k":[0,0,0,1],"ix":3},"o":{"a":0,"k":100,"ix":4},"w":{"a":0,"k":1,"ix":5},"lc":1,"lj":1,"ml":4,"bm":0,"nm":"Stroke 1","mn":"ADBE Vector Graphic - Stroke","hd":false},{"ty":"fl","c":{"a":0,"k":[1,1,1,1],"ix":4},"o":{"a":0,"k":100,"ix":5},"r":1,"bm":0,"nm":"Fill 1","mn":"ADBE Vector Graphic - Fill","hd":false},{"ty":"tr","p":{"a":0,"k":[-47.727,28.107],"ix":2},"a":{"a":0,"k":[0,0],"ix":1},"s":{"a":0,"k":[100,100],"ix":3},"r":{"a":0,"k":0,"ix":6},"o":{"a":0,"k":100,"ix":7},"sk":{"a":0,"k":0,"ix":4},"sa":{"a":0,"k":0,"ix":5},"nm":"Transform"}],"nm":"Ellipse 2","np":3,"cix":2,"bm":0,"ix":2,"mn":"ADBE Vector Group","hd":false},{"ty":"mm","mm":5,"nm":"Merge Paths 1","mn":"ADBE Vector Filter - Merge","hd":false},{"ty":"tr","p":{"a":0,"k":[-47.218,27.097],"ix":2},"a":{"a":0,"k":[-47.218,27.097],"ix":1},"s":{"a":0,"k":[100,100],"ix":3},"r":{"a":0,"k":0,"ix":6},"o":{"a":0,"k":100,"ix":7},"sk":{"a":0,"k":0,"ix":4},"sa":{"a":0,"k":0,"ix":5},"nm":"Transform"}],"nm":"Group 1","np":3,"cix":2,"bm":0,"ix":2,"mn":"ADBE Vector Group","hd":false}],"ip":516,"op":1056,"st":813,"bm":0},{"ddd":0,"ind":5,"ty":4,"nm":"ball-fourth","tt":2,"sr":1,"ks":{"o":{"a":0,"k":100,"ix":11},"r":{"a":0,"k":0,"ix":10},"p":{"a":1,"k":[{"i":{"x":0.667,"y":1},"o":{"x":0.333,"y":0},"t":820,"s":[223.33,304.6,0],"e":[224.83,282.06,0],"to":[0,0,0],"ti":[0,3.757,0]},{"t":825,"s":[224.83,282.06,0],"h":1},{"i":{"x":0.667,"y":1},"o":{"x":0.333,"y":0},"t":836,"s":[223.33,282.06,0],"e":[102.38,406.95,0],"to":[-49.9,-0.74,0],"ti":[0.06,-87.83,0]},{"t":866,"s":[102.38,406.95,0],"h":1},{"i":{"x":0.667,"y":1},"o":{"x":0.333,"y":0},"t":883,"s":[102.38,406.95,0],"e":[224.33,530.57,0],"to":[1.71,64.59,0],"ti":[-76.018,-2.179,0]},{"i":{"x":0.648,"y":0.288},"o":{"x":0.308,"y":0},"t":913,"s":[224.33,530.57,0],"e":[223.879,542.894,0],"to":[0.012,3.434,0],"ti":[0.336,-4.145,0]},{"i":{"x":0.833,"y":0.833},"o":{"x":0.39,"y":0.245},"t":919,"s":[223.879,542.894,0],"e":[340.107,586.32,0],"to":[21.63,0.813,0],"ti":[-10.502,-45.799,0]},{"i":{"x":0.667,"y":1},"o":{"x":0.334,"y":0},"t":939,"s":[340.107,586.32,0],"e":[332.304,580.557,0],"to":[-0.277,-0.117,0],"ti":[4.849,-0.519,0]},{"i":{"x":0.667,"y":1},"o":{"x":0.333,"y":0},"t":942,"s":[332.304,580.557,0],"e":[325.117,586.767,0],"to":[-6.263,0.153,0],"ti":[0,0,0]},{"i":{"x":0.833,"y":0.833},"o":{"x":0.431,"y":0.777},"t":945,"s":[325.117,586.767,0],"e":[215.759,595.217,0],"to":[0,0,0],"ti":[0,0,0]},{"i":{"x":0.667,"y":1},"o":{"x":0.167,"y":0.167},"t":970,"s":[215.759,595.217,0],"e":[229.703,594.258,0],"to":[0,0,0],"ti":[0,0,0]},{"i":{"x":0.833,"y":0.833},"o":{"x":0.333,"y":0},"t":975,"s":[229.703,594.258,0],"e":[215.759,595.217,0],"to":[0,0,0],"ti":[0,0,0]},{"i":{"x":0.667,"y":1},"o":{"x":0.167,"y":0.167},"t":980,"s":[215.759,595.217,0],"e":[220.975,594.952,0],"to":[0,0,0],"ti":[0,0,0]},{"i":{"x":0.833,"y":0.833},"o":{"x":0.333,"y":0},"t":983,"s":[220.975,594.952,0],"e":[215.759,595.217,0],"to":[0,0,0],"ti":[0,0,0]},{"t":986}],"ix":2},"a":{"a":0,"k":[-87.124,267.376,0],"ix":1},"s":{"a":0,"k":[92.5,92.5,100],"ix":6}},"ao":0,"shapes":[{"ty":"gr","it":[{"d":1,"ty":"el","s":{"a":0,"k":[23.753,23.753],"ix":2},"p":{"a":0,"k":[0,0],"ix":3},"nm":"Ellipse Path 1","mn":"ADBE Vector Shape - Ellipse","hd":false},{"ty":"st","c":{"a":0,"k":[1,1,1,1],"ix":3},"o":{"a":0,"k":100,"ix":4},"w":{"a":0,"k":0,"ix":5},"lc":1,"lj":1,"ml":4,"bm":0,"nm":"Stroke 1","mn":"ADBE Vector Graphic - Stroke","hd":false},{"ty":"gf","o":{"a":0,"k":100,"ix":10},"r":1,"bm":0,"g":{"p":7,"k":{"a":0,"k":[0,0.919,1,0.492,0.207,0.928,0.957,0.342,0.414,0.937,0.914,0.192,0.588,0.845,0.833,0.257,0.762,0.753,0.752,0.322,0.881,0.708,0.639,0.281,1,0.663,0.525,0.24],"ix":9}},"s":{"a":0,"k":[-0.359,-9.454],"ix":5},"e":{"a":0,"k":[-0.799,11.775],"ix":6},"t":1,"nm":"Gradient Fill 1","mn":"ADBE Vector Graphic - G-Fill","hd":false},{"ty":"tr","p":{"a":0,"k":[-87.124,267.376],"ix":2},"a":{"a":0,"k":[0,0],"ix":1},"s":{"a":0,"k":[100,100],"ix":3},"r":{"a":0,"k":0,"ix":6},"o":{"a":0,"k":100,"ix":7},"sk":{"a":0,"k":0,"ix":4},"sa":{"a":0,"k":0,"ix":5},"nm":"Transform"}],"nm":"Ellipse 1","np":3,"cix":2,"bm":0,"ix":1,"mn":"ADBE Vector Group","hd":false}],"ip":516,"op":1572,"st":516,"bm":0},{"ddd":0,"ind":6,"ty":4,"nm":"mask","td":1,"sr":1,"ks":{"o":{"a":0,"k":100,"ix":11},"r":{"a":0,"k":0,"ix":10},"p":{"a":0,"k":[223.369,405.244,0],"ix":2},"a":{"a":0,"k":[-46.926,-229.105,0],"ix":1},"s":{"a":0,"k":[53,53,100],"ix":6}},"ao":0,"shapes":[{"ty":"gr","it":[{"d":1,"ty":"el","s":{"a":0,"k":[419.414,419.414],"ix":2},"p":{"a":0,"k":[0,0],"ix":3},"nm":"Ellipse Path 1","mn":"ADBE Vector Shape - Ellipse","hd":false},{"ty":"st","c":{"a":0,"k":[1,1,1,1],"ix":3},"o":{"a":0,"k":100,"ix":4},"w":{"a":0,"k":2,"ix":5},"lc":1,"lj":1,"ml":4,"bm":0,"nm":"Stroke 1","mn":"ADBE Vector Graphic - Stroke","hd":false},{"ty":"fl","c":{"a":0,"k":[1,1,1,1],"ix":4},"o":{"a":0,"k":100,"ix":5},"r":1,"bm":0,"nm":"Fill 1","mn":"ADBE Vector Graphic - Fill","hd":false},{"ty":"tr","p":{"a":0,"k":[-46.926,-229.105],"ix":2},"a":{"a":0,"k":[0,0],"ix":1},"s":{"a":0,"k":[100,100],"ix":3},"r":{"a":0,"k":0,"ix":6},"o":{"a":0,"k":100,"ix":7},"sk":{"a":0,"k":0,"ix":4},"sa":{"a":0,"k":0,"ix":5},"nm":"Transform"}],"nm":"Ellipse 1","np":3,"cix":2,"bm":0,"ix":1,"mn":"ADBE Vector Group","hd":false}],"ip":345,"op":1056,"st":297,"bm":0},{"ddd":0,"ind":7,"ty":5,"nm":"no 3","tt":2,"sr":1,"ks":{"o":{"a":0,"k":100,"ix":11},"r":{"a":1,"k":[{"i":{"x":[0.833],"y":[0.833]},"o":{"x":[0.492],"y":[0]},"t":742,"s":[0],"e":[720]},{"i":{"x":[0.833],"y":[0.833]},"o":{"x":[0.418],"y":[0]},"t":768,"s":[720],"e":[-1080]},{"i":{"x":[0.667],"y":[1]},"o":{"x":[1],"y":[1]},"t":799,"s":[-1080],"e":[-990]},{"i":{"x":[0.833],"y":[0.833]},"o":{"x":[0.333],"y":[0]},"t":804,"s":[-990],"e":[-1080]},{"i":{"x":[0.667],"y":[1]},"o":{"x":[0.167],"y":[0.167]},"t":809,"s":[-1080],"e":[-1035]},{"i":{"x":[0.833],"y":[0.833]},"o":{"x":[0.333],"y":[0]},"t":812,"s":[-1035],"e":[-1080]},{"t":815}],"ix":10},"p":{"a":1,"k":[{"i":{"x":0.667,"y":1},"o":{"x":0.333,"y":0},"t":649,"s":[223.33,304.6,0],"e":[224.83,282.06,0],"to":[0,0,0],"ti":[0,3.757,0]},{"t":654,"s":[224.83,282.06,0],"h":1},{"i":{"x":0.667,"y":1},"o":{"x":0.333,"y":0},"t":666,"s":[223.33,282.06,0],"e":[102.38,406.95,0],"to":[-60.4,0.76,0],"ti":[-0.94,-77.33,0]},{"t":696,"s":[102.38,406.95,0],"h":1},{"i":{"x":0.667,"y":1},"o":{"x":0.333,"y":0},"t":713,"s":[102.38,406.95,0],"e":[224.33,530.57,0],"to":[1.71,64.59,0],"ti":[-76.018,-2.179,0]},{"i":{"x":0.648,"y":0.406},"o":{"x":0.308,"y":0},"t":743,"s":[224.33,530.57,0],"e":[223.879,542.894,0],"to":[0.012,3.434,0],"ti":[0.336,-4.145,0]},{"i":{"x":0.833,"y":0.833},"o":{"x":0.39,"y":0.234},"t":748,"s":[223.879,542.894,0],"e":[348.625,586.32,0],"to":[21.63,0.813,0],"ti":[-15.234,-42.329,0]},{"i":{"x":0.667,"y":1},"o":{"x":0.334,"y":0},"t":768,"s":[348.625,586.32,0],"e":[338.298,580.557,0],"to":[-0.277,-0.117,0],"ti":[4.849,-0.519,0]},{"i":{"x":0.667,"y":1},"o":{"x":0.333,"y":0},"t":771,"s":[338.298,580.557,0],"e":[329.218,587.714,0],"to":[-7.21,0.783,0],"ti":[0,0,0]},{"i":{"x":0.833,"y":0.833},"o":{"x":0.431,"y":0.63},"t":774,"s":[329.218,587.714,0],"e":[194.18,597.652,0],"to":[0,0,0],"ti":[0,0,0]},{"i":{"x":0.667,"y":1},"o":{"x":0.167,"y":0.167},"t":799,"s":[194.18,597.652,0],"e":[210.648,596.378,0],"to":[0,0,0],"ti":[0,0,0]},{"i":{"x":0.833,"y":0.833},"o":{"x":0.333,"y":0},"t":804,"s":[210.648,596.378,0],"e":[194.18,597.652,0],"to":[0,0,0],"ti":[0,0,0]},{"i":{"x":0.667,"y":1},"o":{"x":0.167,"y":0.167},"t":809,"s":[194.18,597.652,0],"e":[200.185,597.229,0],"to":[0,0,0],"ti":[0,0,0]},{"i":{"x":0.833,"y":0.833},"o":{"x":0.333,"y":0},"t":812,"s":[200.185,597.229,0],"e":[194.18,597.652,0],"to":[0,0,0],"ti":[0,0,0]},{"t":815}],"ix":2},"a":{"a":0,"k":[-0.25,-5.75,0],"ix":1},"s":{"a":0,"k":[53,53,100],"ix":6}},"ao":0,"t":{"d":{"k":[{"s":{"s":20,"f":"Helvetica","t":"3","j":2,"tr":0,"lh":24,"ls":0,"fc":[0,0,0]},"t":0}]},"p":{},"m":{"g":1,"a":{"a":0,"k":[0,0],"ix":2}},"a":[]},"ip":345,"op":1056,"st":297,"bm":0},{"ddd":0,"ind":8,"ty":4,"nm":"mask","td":1,"sr":1,"ks":{"o":{"a":0,"k":100,"ix":11},"r":{"a":0,"k":0,"ix":10},"p":{"a":0,"k":[223.369,405.244,0],"ix":2},"a":{"a":0,"k":[-46.926,-229.105,0],"ix":1},"s":{"a":0,"k":[53,53,100],"ix":6}},"ao":0,"shapes":[{"ty":"gr","it":[{"d":1,"ty":"el","s":{"a":0,"k":[419.414,419.414],"ix":2},"p":{"a":0,"k":[0,0],"ix":3},"nm":"Ellipse Path 1","mn":"ADBE Vector Shape - Ellipse","hd":false},{"ty":"st","c":{"a":0,"k":[1,1,1,1],"ix":3},"o":{"a":0,"k":100,"ix":4},"w":{"a":0,"k":2,"ix":5},"lc":1,"lj":1,"ml":4,"bm":0,"nm":"Stroke 1","mn":"ADBE Vector Graphic - Stroke","hd":false},{"ty":"fl","c":{"a":0,"k":[1,1,1,1],"ix":4},"o":{"a":0,"k":100,"ix":5},"r":1,"bm":0,"nm":"Fill 1","mn":"ADBE Vector Graphic - Fill","hd":false},{"ty":"tr","p":{"a":0,"k":[-46.926,-229.105],"ix":2},"a":{"a":0,"k":[0,0],"ix":1},"s":{"a":0,"k":[100,100],"ix":3},"r":{"a":0,"k":0,"ix":6},"o":{"a":0,"k":100,"ix":7},"sk":{"a":0,"k":0,"ix":4},"sa":{"a":0,"k":0,"ix":5},"nm":"Transform"}],"nm":"Ellipse 1","np":3,"cix":2,"bm":0,"ix":1,"mn":"ADBE Vector Group","hd":false},{"ty":"gr","it":[{"ty":"gr","it":[{"ty":"gr","it":[{"ty":"fl","c":{"a":0,"k":[1,1,1,1],"ix":4},"o":{"a":0,"k":100,"ix":5},"r":1,"bm":0,"nm":"Fill 1","mn":"ADBE Vector Graphic - Fill","hd":false},{"ty":"tr","p":{"a":0,"k":[406.942,45.589],"ix":2},"a":{"a":0,"k":[0,0],"ix":1},"s":{"a":0,"k":[100,100],"ix":3},"r":{"a":0,"k":0,"ix":6},"o":{"a":0,"k":100,"ix":7},"sk":{"a":0,"k":0,"ix":4},"sa":{"a":0,"k":0,"ix":5},"nm":"Transform"}],"nm":"square back","np":3,"cix":2,"bm":0,"ix":1,"mn":"ADBE Vector Group","hd":false},{"ty":"tr","p":{"a":0,"k":[-0.228,-4.755],"ix":2},"a":{"a":0,"k":[453.933,13.737],"ix":1},"s":{"a":0,"k":[100,100],"ix":3},"r":{"a":0,"k":0,"ix":6},"o":{"a":0,"k":100,"ix":7},"sk":{"a":0,"k":0,"ix":4},"sa":{"a":0,"k":0,"ix":5},"nm":"Transform"}],"nm":"Square","np":1,"cix":2,"bm":0,"ix":1,"mn":"ADBE Vector Group","hd":false},{"ty":"gr","it":[{"d":1,"ty":"el","s":{"a":0,"k":[50.629,50.629],"ix":2},"p":{"a":0,"k":[0,0],"ix":3},"nm":"Ellipse Path 1","mn":"ADBE Vector Shape - Ellipse","hd":false},{"ty":"st","c":{"a":0,"k":[0,0,0,1],"ix":3},"o":{"a":0,"k":100,"ix":4},"w":{"a":0,"k":1,"ix":5},"lc":1,"lj":1,"ml":4,"bm":0,"nm":"Stroke 1","mn":"ADBE Vector Graphic - Stroke","hd":false},{"ty":"fl","c":{"a":0,"k":[1,1,1,1],"ix":4},"o":{"a":0,"k":100,"ix":5},"r":1,"bm":0,"nm":"Fill 1","mn":"ADBE Vector Graphic - Fill","hd":false},{"ty":"tr","p":{"a":0,"k":[-47.727,28.107],"ix":2},"a":{"a":0,"k":[0,0],"ix":1},"s":{"a":0,"k":[100,100],"ix":3},"r":{"a":0,"k":0,"ix":6},"o":{"a":0,"k":100,"ix":7},"sk":{"a":0,"k":0,"ix":4},"sa":{"a":0,"k":0,"ix":5},"nm":"Transform"}],"nm":"Ellipse 2","np":3,"cix":2,"bm":0,"ix":2,"mn":"ADBE Vector Group","hd":false},{"ty":"mm","mm":5,"nm":"Merge Paths 1","mn":"ADBE Vector Filter - Merge","hd":false},{"ty":"tr","p":{"a":0,"k":[-47.218,27.097],"ix":2},"a":{"a":0,"k":[-47.218,27.097],"ix":1},"s":{"a":0,"k":[100,100],"ix":3},"r":{"a":0,"k":0,"ix":6},"o":{"a":0,"k":100,"ix":7},"sk":{"a":0,"k":0,"ix":4},"sa":{"a":0,"k":0,"ix":5},"nm":"Transform"}],"nm":"Group 1","np":3,"cix":2,"bm":0,"ix":2,"mn":"ADBE Vector Group","hd":false}],"ip":345,"op":1056,"st":642,"bm":0},{"ddd":0,"ind":9,"ty":4,"nm":"ball-third","tt":2,"sr":1,"ks":{"o":{"a":0,"k":100,"ix":11},"r":{"a":0,"k":0,"ix":10},"p":{"a":1,"k":[{"i":{"x":0.667,"y":1},"o":{"x":0.333,"y":0},"t":649,"s":[223.33,304.6,0],"e":[224.83,282.06,0],"to":[0,0,0],"ti":[0,3.757,0]},{"t":654,"s":[224.83,282.06,0],"h":1},{"i":{"x":0.667,"y":1},"o":{"x":0.333,"y":0},"t":666,"s":[223.33,282.06,0],"e":[102.38,406.95,0],"to":[-60.4,0.76,0],"ti":[-0.94,-77.33,0]},{"t":696,"s":[102.38,406.95,0],"h":1},{"i":{"x":0.667,"y":1},"o":{"x":0.333,"y":0},"t":713,"s":[102.38,406.95,0],"e":[224.33,530.57,0],"to":[1.71,64.59,0],"ti":[-76.018,-2.179,0]},{"i":{"x":0.648,"y":0.406},"o":{"x":0.308,"y":0},"t":743,"s":[224.33,530.57,0],"e":[223.879,542.894,0],"to":[0.012,3.434,0],"ti":[0.336,-4.145,0]},{"i":{"x":0.833,"y":0.833},"o":{"x":0.39,"y":0.234},"t":748,"s":[223.879,542.894,0],"e":[348.625,586.32,0],"to":[21.63,0.813,0],"ti":[-15.234,-42.329,0]},{"i":{"x":0.667,"y":1},"o":{"x":0.334,"y":0},"t":768,"s":[348.625,586.32,0],"e":[338.298,580.557,0],"to":[-0.277,-0.117,0],"ti":[4.849,-0.519,0]},{"i":{"x":0.667,"y":1},"o":{"x":0.333,"y":0},"t":771,"s":[338.298,580.557,0],"e":[329.218,587.714,0],"to":[-7.21,0.783,0],"ti":[0,0,0]},{"i":{"x":0.833,"y":0.833},"o":{"x":0.431,"y":0.63},"t":774,"s":[329.218,587.714,0],"e":[194.18,597.652,0],"to":[0,0,0],"ti":[0,0,0]},{"i":{"x":0.667,"y":1},"o":{"x":0.167,"y":0.167},"t":799,"s":[194.18,597.652,0],"e":[210.648,596.378,0],"to":[0,0,0],"ti":[0,0,0]},{"i":{"x":0.833,"y":0.833},"o":{"x":0.333,"y":0},"t":804,"s":[210.648,596.378,0],"e":[194.18,597.652,0],"to":[0,0,0],"ti":[0,0,0]},{"i":{"x":0.667,"y":1},"o":{"x":0.167,"y":0.167},"t":809,"s":[194.18,597.652,0],"e":[200.185,597.229,0],"to":[0,0,0],"ti":[0,0,0]},{"i":{"x":0.833,"y":0.833},"o":{"x":0.333,"y":0},"t":812,"s":[200.185,597.229,0],"e":[194.18,597.652,0],"to":[0,0,0],"ti":[0,0,0]},{"t":815}],"ix":2},"a":{"a":0,"k":[-87.124,267.376,0],"ix":1},"s":{"a":0,"k":[92.5,92.5,100],"ix":6}},"ao":0,"shapes":[{"ty":"gr","it":[{"d":1,"ty":"el","s":{"a":0,"k":[23.753,23.753],"ix":2},"p":{"a":0,"k":[0,0],"ix":3},"nm":"Ellipse Path 1","mn":"ADBE Vector Shape - Ellipse","hd":false},{"ty":"st","c":{"a":0,"k":[1,1,1,1],"ix":3},"o":{"a":0,"k":100,"ix":4},"w":{"a":0,"k":0,"ix":5},"lc":1,"lj":1,"ml":4,"bm":0,"nm":"Stroke 1","mn":"ADBE Vector Graphic - Stroke","hd":false},{"ty":"gf","o":{"a":0,"k":100,"ix":10},"r":1,"bm":0,"g":{"p":7,"k":{"a":0,"k":[0,0.919,1,0.492,0.207,0.928,0.957,0.342,0.414,0.937,0.914,0.192,0.588,0.845,0.833,0.257,0.762,0.753,0.752,0.322,0.881,0.708,0.639,0.281,1,0.663,0.525,0.24],"ix":9}},"s":{"a":0,"k":[-0.359,-9.454],"ix":5},"e":{"a":0,"k":[-0.799,11.775],"ix":6},"t":1,"nm":"Gradient Fill 1","mn":"ADBE Vector Graphic - G-Fill","hd":false},{"ty":"tr","p":{"a":0,"k":[-87.124,267.376],"ix":2},"a":{"a":0,"k":[0,0],"ix":1},"s":{"a":0,"k":[100,100],"ix":3},"r":{"a":0,"k":0,"ix":6},"o":{"a":0,"k":100,"ix":7},"sk":{"a":0,"k":0,"ix":4},"sa":{"a":0,"k":0,"ix":5},"nm":"Transform"}],"nm":"Ellipse 1","np":3,"cix":2,"bm":0,"ix":1,"mn":"ADBE Vector Group","hd":false}],"ip":345,"op":1401,"st":345,"bm":0},{"ddd":0,"ind":10,"ty":4,"nm":"mask","td":1,"sr":1,"ks":{"o":{"a":0,"k":100,"ix":11},"r":{"a":0,"k":0,"ix":10},"p":{"a":0,"k":[223.369,405.244,0],"ix":2},"a":{"a":0,"k":[-46.926,-229.105,0],"ix":1},"s":{"a":0,"k":[53,53,100],"ix":6}},"ao":0,"shapes":[{"ty":"gr","it":[{"d":1,"ty":"el","s":{"a":0,"k":[419.414,419.414],"ix":2},"p":{"a":0,"k":[0,0],"ix":3},"nm":"Ellipse Path 1","mn":"ADBE Vector Shape - Ellipse","hd":false},{"ty":"st","c":{"a":0,"k":[1,1,1,1],"ix":3},"o":{"a":0,"k":100,"ix":4},"w":{"a":0,"k":2,"ix":5},"lc":1,"lj":1,"ml":4,"bm":0,"nm":"Stroke 1","mn":"ADBE Vector Graphic - Stroke","hd":false},{"ty":"fl","c":{"a":0,"k":[1,1,1,1],"ix":4},"o":{"a":0,"k":100,"ix":5},"r":1,"bm":0,"nm":"Fill 1","mn":"ADBE Vector Graphic - Fill","hd":false},{"ty":"tr","p":{"a":0,"k":[-46.926,-229.105],"ix":2},"a":{"a":0,"k":[0,0],"ix":1},"s":{"a":0,"k":[100,100],"ix":3},"r":{"a":0,"k":0,"ix":6},"o":{"a":0,"k":100,"ix":7},"sk":{"a":0,"k":0,"ix":4},"sa":{"a":0,"k":0,"ix":5},"nm":"Transform"}],"nm":"Ellipse 1","np":3,"cix":2,"bm":0,"ix":1,"mn":"ADBE Vector Group","hd":false},{"ty":"gr","it":[{"ty":"gr","it":[{"ty":"gr","it":[{"ty":"fl","c":{"a":0,"k":[1,1,1,1],"ix":4},"o":{"a":0,"k":100,"ix":5},"r":1,"bm":0,"nm":"Fill 1","mn":"ADBE Vector Graphic - Fill","hd":false},{"ty":"tr","p":{"a":0,"k":[406.942,45.589],"ix":2},"a":{"a":0,"k":[0,0],"ix":1},"s":{"a":0,"k":[100,100],"ix":3},"r":{"a":0,"k":0,"ix":6},"o":{"a":0,"k":100,"ix":7},"sk":{"a":0,"k":0,"ix":4},"sa":{"a":0,"k":0,"ix":5},"nm":"Transform"}],"nm":"square back","np":3,"cix":2,"bm":0,"ix":1,"mn":"ADBE Vector Group","hd":false},{"ty":"tr","p":{"a":0,"k":[-0.228,-4.755],"ix":2},"a":{"a":0,"k":[453.933,13.737],"ix":1},"s":{"a":0,"k":[100,100],"ix":3},"r":{"a":0,"k":0,"ix":6},"o":{"a":0,"k":100,"ix":7},"sk":{"a":0,"k":0,"ix":4},"sa":{"a":0,"k":0,"ix":5},"nm":"Transform"}],"nm":"Square","np":1,"cix":2,"bm":0,"ix":1,"mn":"ADBE Vector Group","hd":false},{"ty":"gr","it":[{"d":1,"ty":"el","s":{"a":0,"k":[50.629,50.629],"ix":2},"p":{"a":0,"k":[0,0],"ix":3},"nm":"Ellipse Path 1","mn":"ADBE Vector Shape - Ellipse","hd":false},{"ty":"st","c":{"a":0,"k":[0,0,0,1],"ix":3},"o":{"a":0,"k":100,"ix":4},"w":{"a":0,"k":1,"ix":5},"lc":1,"lj":1,"ml":4,"bm":0,"nm":"Stroke 1","mn":"ADBE Vector Graphic - Stroke","hd":false},{"ty":"fl","c":{"a":0,"k":[1,1,1,1],"ix":4},"o":{"a":0,"k":100,"ix":5},"r":1,"bm":0,"nm":"Fill 1","mn":"ADBE Vector Graphic - Fill","hd":false},{"ty":"tr","p":{"a":0,"k":[-47.727,28.107],"ix":2},"a":{"a":0,"k":[0,0],"ix":1},"s":{"a":0,"k":[100,100],"ix":3},"r":{"a":0,"k":0,"ix":6},"o":{"a":0,"k":100,"ix":7},"sk":{"a":0,"k":0,"ix":4},"sa":{"a":0,"k":0,"ix":5},"nm":"Transform"}],"nm":"Ellipse 2","np":3,"cix":2,"bm":0,"ix":2,"mn":"ADBE Vector Group","hd":false},{"ty":"mm","mm":5,"nm":"Merge Paths 1","mn":"ADBE Vector Filter - Merge","hd":false},{"ty":"tr","p":{"a":0,"k":[-47.218,27.097],"ix":2},"a":{"a":0,"k":[-47.218,27.097],"ix":1},"s":{"a":0,"k":[100,100],"ix":3},"r":{"a":0,"k":0,"ix":6},"o":{"a":0,"k":100,"ix":7},"sk":{"a":0,"k":0,"ix":4},"sa":{"a":0,"k":0,"ix":5},"nm":"Transform"}],"nm":"Group 1","np":3,"cix":2,"bm":0,"ix":2,"mn":"ADBE Vector Group","hd":false}],"ip":241,"op":1056,"st":297,"bm":0},{"ddd":0,"ind":11,"ty":5,"nm":"no 2","tt":2,"sr":1,"ks":{"o":{"a":0,"k":100,"ix":11},"r":{"a":1,"k":[{"i":{"x":[0.833],"y":[0.833]},"o":{"x":[0.492],"y":[0]},"t":568,"s":[0],"e":[720]},{"i":{"x":[0.833],"y":[0.833]},"o":{"x":[0.418],"y":[0]},"t":594,"s":[720],"e":[-1080]},{"i":{"x":[0.667],"y":[1]},"o":{"x":[1],"y":[1]},"t":625,"s":[-1080],"e":[-990]},{"i":{"x":[0.833],"y":[0.833]},"o":{"x":[0.333],"y":[0]},"t":630,"s":[-990],"e":[-1080]},{"i":{"x":[0.667],"y":[1]},"o":{"x":[0.167],"y":[0.167]},"t":635,"s":[-1080],"e":[-1035]},{"i":{"x":[0.833],"y":[0.833]},"o":{"x":[0.333],"y":[0]},"t":638,"s":[-1035],"e":[-1080]},{"t":641}],"ix":10},"p":{"a":1,"k":[{"i":{"x":0.667,"y":1},"o":{"x":0.333,"y":0},"t":475,"s":[223.33,304.6,0],"e":[224.83,282.06,0],"to":[0,0,0],"ti":[0,3.757,0]},{"t":480,"s":[224.83,282.06,0],"h":1},{"i":{"x":0.667,"y":1},"o":{"x":0.333,"y":0},"t":491,"s":[223.33,282.06,0],"e":[102.38,406.95,0],"to":[-49.9,-0.74,0],"ti":[0.06,-87.83,0]},{"t":521,"s":[102.38,406.95,0],"h":1},{"i":{"x":0.667,"y":1},"o":{"x":0.333,"y":0},"t":538,"s":[102.38,406.95,0],"e":[224.33,530.57,0],"to":[1.71,64.59,0],"ti":[-76.018,-2.179,0]},{"i":{"x":0.648,"y":0.288},"o":{"x":0.308,"y":0},"t":568,"s":[224.33,530.57,0],"e":[223.879,542.894,0],"to":[0.012,3.434,0],"ti":[0.336,-4.145,0]},{"i":{"x":0.833,"y":0.833},"o":{"x":0.39,"y":0.213},"t":574,"s":[223.879,542.894,0],"e":[361.875,588.529,0],"to":[21.63,0.813,0],"ti":[-19.335,-47.061,0]},{"i":{"x":0.667,"y":1},"o":{"x":0.334,"y":0},"t":594,"s":[361.875,588.529,0],"e":[355.018,584.343,0],"to":[-0.277,-0.117,0],"ti":[4.849,-0.519,0]},{"i":{"x":0.667,"y":1},"o":{"x":0.333,"y":0},"t":597,"s":[355.018,584.343,0],"e":[348.777,588.976,0],"to":[-4.371,0.468,0],"ti":[0,0,0]},{"i":{"x":0.833,"y":0.833},"o":{"x":0.431,"y":0.482},"t":600,"s":[348.777,588.976,0],"e":[172.223,599.633,0],"to":[0,0,0],"ti":[0,0,0]},{"i":{"x":0.667,"y":1},"o":{"x":0.167,"y":0.167},"t":625,"s":[172.223,599.633,0],"e":[193.423,598.043,0],"to":[0,0,0],"ti":[0,0,0]},{"i":{"x":0.833,"y":0.833},"o":{"x":0.333,"y":0},"t":630,"s":[193.423,598.043,0],"e":[172.223,599.633,0],"to":[0,0,0],"ti":[0,0,0]},{"i":{"x":0.667,"y":1},"o":{"x":0.167,"y":0.167},"t":635,"s":[172.223,599.633,0],"e":[179.963,599.053,0],"to":[0,0,0],"ti":[0,0,0]},{"i":{"x":0.833,"y":0.833},"o":{"x":0.333,"y":0},"t":638,"s":[179.963,599.053,0],"e":[172.223,599.633,0],"to":[0,0,0],"ti":[0,0,0]},{"t":641}],"ix":2},"a":{"a":0,"k":[-0.25,-5.75,0],"ix":1},"s":{"a":0,"k":[53,53,100],"ix":6}},"ao":0,"t":{"d":{"k":[{"s":{"s":20,"f":"Helvetica","t":"2","j":2,"tr":0,"lh":24,"ls":0,"fc":[0,0,0]},"t":0}]},"p":{},"m":{"g":1,"a":{"a":0,"k":[0,0],"ix":2}},"a":[]},"ip":241,"op":1056,"st":297,"bm":0},{"ddd":0,"ind":12,"ty":4,"nm":"mask","td":1,"sr":1,"ks":{"o":{"a":0,"k":100,"ix":11},"r":{"a":0,"k":0,"ix":10},"p":{"a":0,"k":[223.369,405.244,0],"ix":2},"a":{"a":0,"k":[-46.926,-229.105,0],"ix":1},"s":{"a":0,"k":[53,53,100],"ix":6}},"ao":0,"shapes":[{"ty":"gr","it":[{"d":1,"ty":"el","s":{"a":0,"k":[419.414,419.414],"ix":2},"p":{"a":0,"k":[0,0],"ix":3},"nm":"Ellipse Path 1","mn":"ADBE Vector Shape - Ellipse","hd":false},{"ty":"st","c":{"a":0,"k":[1,1,1,1],"ix":3},"o":{"a":0,"k":100,"ix":4},"w":{"a":0,"k":2,"ix":5},"lc":1,"lj":1,"ml":4,"bm":0,"nm":"Stroke 1","mn":"ADBE Vector Graphic - Stroke","hd":false},{"ty":"fl","c":{"a":0,"k":[1,1,1,1],"ix":4},"o":{"a":0,"k":100,"ix":5},"r":1,"bm":0,"nm":"Fill 1","mn":"ADBE Vector Graphic - Fill","hd":false},{"ty":"tr","p":{"a":0,"k":[-46.926,-229.105],"ix":2},"a":{"a":0,"k":[0,0],"ix":1},"s":{"a":0,"k":[100,100],"ix":3},"r":{"a":0,"k":0,"ix":6},"o":{"a":0,"k":100,"ix":7},"sk":{"a":0,"k":0,"ix":4},"sa":{"a":0,"k":0,"ix":5},"nm":"Transform"}],"nm":"Ellipse 1","np":3,"cix":2,"bm":0,"ix":1,"mn":"ADBE Vector Group","hd":false},{"ty":"gr","it":[{"ty":"gr","it":[{"ty":"gr","it":[{"ty":"fl","c":{"a":0,"k":[1,1,1,1],"ix":4},"o":{"a":0,"k":100,"ix":5},"r":1,"bm":0,"nm":"Fill 1","mn":"ADBE Vector Graphic - Fill","hd":false},{"ty":"tr","p":{"a":0,"k":[406.942,45.589],"ix":2},"a":{"a":0,"k":[0,0],"ix":1},"s":{"a":0,"k":[100,100],"ix":3},"r":{"a":0,"k":0,"ix":6},"o":{"a":0,"k":100,"ix":7},"sk":{"a":0,"k":0,"ix":4},"sa":{"a":0,"k":0,"ix":5},"nm":"Transform"}],"nm":"square back","np":3,"cix":2,"bm":0,"ix":1,"mn":"ADBE Vector Group","hd":false},{"ty":"tr","p":{"a":0,"k":[-0.228,-4.755],"ix":2},"a":{"a":0,"k":[453.933,13.737],"ix":1},"s":{"a":0,"k":[100,100],"ix":3},"r":{"a":0,"k":0,"ix":6},"o":{"a":0,"k":100,"ix":7},"sk":{"a":0,"k":0,"ix":4},"sa":{"a":0,"k":0,"ix":5},"nm":"Transform"}],"nm":"Square","np":1,"cix":2,"bm":0,"ix":1,"mn":"ADBE Vector Group","hd":false},{"ty":"gr","it":[{"d":1,"ty":"el","s":{"a":0,"k":[50.629,50.629],"ix":2},"p":{"a":0,"k":[0,0],"ix":3},"nm":"Ellipse Path 1","mn":"ADBE Vector Shape - Ellipse","hd":false},{"ty":"st","c":{"a":0,"k":[0,0,0,1],"ix":3},"o":{"a":0,"k":100,"ix":4},"w":{"a":0,"k":1,"ix":5},"lc":1,"lj":1,"ml":4,"bm":0,"nm":"Stroke 1","mn":"ADBE Vector Graphic - Stroke","hd":false},{"ty":"fl","c":{"a":0,"k":[1,1,1,1],"ix":4},"o":{"a":0,"k":100,"ix":5},"r":1,"bm":0,"nm":"Fill 1","mn":"ADBE Vector Graphic - Fill","hd":false},{"ty":"tr","p":{"a":0,"k":[-47.727,28.107],"ix":2},"a":{"a":0,"k":[0,0],"ix":1},"s":{"a":0,"k":[100,100],"ix":3},"r":{"a":0,"k":0,"ix":6},"o":{"a":0,"k":100,"ix":7},"sk":{"a":0,"k":0,"ix":4},"sa":{"a":0,"k":0,"ix":5},"nm":"Transform"}],"nm":"Ellipse 2","np":3,"cix":2,"bm":0,"ix":2,"mn":"ADBE Vector Group","hd":false},{"ty":"mm","mm":5,"nm":"Merge Paths 1","mn":"ADBE Vector Filter - Merge","hd":false},{"ty":"tr","p":{"a":0,"k":[-47.218,27.097],"ix":2},"a":{"a":0,"k":[-47.218,27.097],"ix":1},"s":{"a":0,"k":[100,100],"ix":3},"r":{"a":0,"k":0,"ix":6},"o":{"a":0,"k":100,"ix":7},"sk":{"a":0,"k":0,"ix":4},"sa":{"a":0,"k":0,"ix":5},"nm":"Transform"}],"nm":"Group 1","np":3,"cix":2,"bm":0,"ix":2,"mn":"ADBE Vector Group","hd":false}],"ip":241,"op":1056,"st":592,"bm":0},{"ddd":0,"ind":13,"ty":4,"nm":"ball-second","tt":2,"sr":1,"ks":{"o":{"a":0,"k":100,"ix":11},"r":{"a":0,"k":0,"ix":10},"p":{"a":1,"k":[{"i":{"x":0.667,"y":1},"o":{"x":0.333,"y":0},"t":475,"s":[223.33,304.6,0],"e":[224.83,282.06,0],"to":[0,0,0],"ti":[0,3.757,0]},{"t":480,"s":[224.83,282.06,0],"h":1},{"i":{"x":0.667,"y":1},"o":{"x":0.333,"y":0},"t":491,"s":[223.33,282.06,0],"e":[102.38,406.95,0],"to":[-49.9,-0.74,0],"ti":[0.06,-87.83,0]},{"t":521,"s":[102.38,406.95,0],"h":1},{"i":{"x":0.667,"y":1},"o":{"x":0.333,"y":0},"t":538,"s":[102.38,406.95,0],"e":[224.33,530.57,0],"to":[1.71,64.59,0],"ti":[-76.018,-2.179,0]},{"i":{"x":0.648,"y":0.288},"o":{"x":0.308,"y":0},"t":568,"s":[224.33,530.57,0],"e":[223.879,542.894,0],"to":[0.012,3.434,0],"ti":[0.336,-4.145,0]},{"i":{"x":0.833,"y":0.833},"o":{"x":0.39,"y":0.213},"t":574,"s":[223.879,542.894,0],"e":[361.875,588.529,0],"to":[21.63,0.813,0],"ti":[-19.335,-47.061,0]},{"i":{"x":0.667,"y":1},"o":{"x":0.334,"y":0},"t":594,"s":[361.875,588.529,0],"e":[355.018,584.343,0],"to":[-0.277,-0.117,0],"ti":[4.849,-0.519,0]},{"i":{"x":0.667,"y":1},"o":{"x":0.333,"y":0},"t":597,"s":[355.018,584.343,0],"e":[348.777,588.976,0],"to":[-4.371,0.468,0],"ti":[0,0,0]},{"i":{"x":0.833,"y":0.833},"o":{"x":0.431,"y":0.482},"t":600,"s":[348.777,588.976,0],"e":[172.223,599.633,0],"to":[0,0,0],"ti":[0,0,0]},{"i":{"x":0.667,"y":1},"o":{"x":0.167,"y":0.167},"t":625,"s":[172.223,599.633,0],"e":[193.423,598.043,0],"to":[0,0,0],"ti":[0,0,0]},{"i":{"x":0.833,"y":0.833},"o":{"x":0.333,"y":0},"t":630,"s":[193.423,598.043,0],"e":[172.223,599.633,0],"to":[0,0,0],"ti":[0,0,0]},{"i":{"x":0.667,"y":1},"o":{"x":0.167,"y":0.167},"t":635,"s":[172.223,599.633,0],"e":[179.963,599.053,0],"to":[0,0,0],"ti":[0,0,0]},{"i":{"x":0.833,"y":0.833},"o":{"x":0.333,"y":0},"t":638,"s":[179.963,599.053,0],"e":[172.223,599.633,0],"to":[0,0,0],"ti":[0,0,0]},{"t":641}],"ix":2},"a":{"a":0,"k":[-87.124,267.376,0],"ix":1},"s":{"a":0,"k":[92.5,92.5,100],"ix":6}},"ao":0,"shapes":[{"ty":"gr","it":[{"d":1,"ty":"el","s":{"a":0,"k":[23.753,23.753],"ix":2},"p":{"a":0,"k":[0,0],"ix":3},"nm":"Ellipse Path 1","mn":"ADBE Vector Shape - Ellipse","hd":false},{"ty":"st","c":{"a":0,"k":[1,1,1,1],"ix":3},"o":{"a":0,"k":100,"ix":4},"w":{"a":0,"k":0,"ix":5},"lc":1,"lj":1,"ml":4,"bm":0,"nm":"Stroke 1","mn":"ADBE Vector Graphic - Stroke","hd":false},{"ty":"gf","o":{"a":0,"k":100,"ix":10},"r":1,"bm":0,"g":{"p":7,"k":{"a":0,"k":[0,0.919,1,0.492,0.207,0.928,0.957,0.342,0.414,0.937,0.914,0.192,0.588,0.845,0.833,0.257,0.762,0.753,0.752,0.322,0.881,0.708,0.639,0.281,1,0.663,0.525,0.24],"ix":9}},"s":{"a":0,"k":[-0.359,-9.454],"ix":5},"e":{"a":0,"k":[-0.799,11.775],"ix":6},"t":1,"nm":"Gradient Fill 1","mn":"ADBE Vector Graphic - G-Fill","hd":false},{"ty":"tr","p":{"a":0,"k":[-87.124,267.376],"ix":2},"a":{"a":0,"k":[0,0],"ix":1},"s":{"a":0,"k":[100,100],"ix":3},"r":{"a":0,"k":0,"ix":6},"o":{"a":0,"k":100,"ix":7},"sk":{"a":0,"k":0,"ix":4},"sa":{"a":0,"k":0,"ix":5},"nm":"Transform"}],"nm":"Ellipse 1","np":3,"cix":2,"bm":0,"ix":1,"mn":"ADBE Vector Group","hd":false}],"ip":241,"op":1297,"st":241,"bm":0},{"ddd":0,"ind":14,"ty":4,"nm":"mask","td":1,"sr":1,"ks":{"o":{"a":0,"k":100,"ix":11},"r":{"a":0,"k":0,"ix":10},"p":{"a":0,"k":[223.369,405.244,0],"ix":2},"a":{"a":0,"k":[-46.926,-229.105,0],"ix":1},"s":{"a":0,"k":[53,53,100],"ix":6}},"ao":0,"shapes":[{"ty":"gr","it":[{"d":1,"ty":"el","s":{"a":0,"k":[419.414,419.414],"ix":2},"p":{"a":0,"k":[0,0],"ix":3},"nm":"Ellipse Path 1","mn":"ADBE Vector Shape - Ellipse","hd":false},{"ty":"st","c":{"a":0,"k":[1,1,1,1],"ix":3},"o":{"a":0,"k":100,"ix":4},"w":{"a":0,"k":2,"ix":5},"lc":1,"lj":1,"ml":4,"bm":0,"nm":"Stroke 1","mn":"ADBE Vector Graphic - Stroke","hd":false},{"ty":"fl","c":{"a":0,"k":[1,1,1,1],"ix":4},"o":{"a":0,"k":100,"ix":5},"r":1,"bm":0,"nm":"Fill 1","mn":"ADBE Vector Graphic - Fill","hd":false},{"ty":"tr","p":{"a":0,"k":[-46.926,-229.105],"ix":2},"a":{"a":0,"k":[0,0],"ix":1},"s":{"a":0,"k":[100,100],"ix":3},"r":{"a":0,"k":0,"ix":6},"o":{"a":0,"k":100,"ix":7},"sk":{"a":0,"k":0,"ix":4},"sa":{"a":0,"k":0,"ix":5},"nm":"Transform"}],"nm":"Ellipse 1","np":3,"cix":2,"bm":0,"ix":1,"mn":"ADBE Vector Group","hd":false}],"ip":0,"op":1056,"st":297,"bm":0},{"ddd":0,"ind":15,"ty":5,"nm":"no 1","tt":2,"sr":1,"ks":{"o":{"a":0,"k":100,"ix":11},"r":{"a":1,"k":[{"i":{"x":[0.833],"y":[0.833]},"o":{"x":[0.492],"y":[0]},"t":397,"s":[0],"e":[720]},{"i":{"x":[0.833],"y":[0.833]},"o":{"x":[0.418],"y":[0]},"t":423,"s":[720],"e":[-1080]},{"i":{"x":[0.667],"y":[1]},"o":{"x":[1],"y":[1]},"t":454,"s":[-1080],"e":[-990]},{"i":{"x":[0.833],"y":[0.833]},"o":{"x":[0.333],"y":[0]},"t":459,"s":[-990],"e":[-1080]},{"i":{"x":[0.667],"y":[1]},"o":{"x":[0.167],"y":[0.167]},"t":464,"s":[-1080],"e":[-1035]},{"i":{"x":[0.833],"y":[0.833]},"o":{"x":[0.333],"y":[0]},"t":467,"s":[-1035],"e":[-1080]},{"t":470}],"ix":10},"p":{"a":1,"k":[{"i":{"x":0.667,"y":1},"o":{"x":0.333,"y":0},"t":304,"s":[223.33,304.6,0],"e":[224.83,282.06,0],"to":[0,0,0],"ti":[0,3.757,0]},{"t":309,"s":[224.83,282.06,0],"h":1},{"i":{"x":0.667,"y":1},"o":{"x":0.333,"y":0},"t":320,"s":[223.33,282.06,0],"e":[102.38,406.95,0],"to":[-49.9,-0.74,0],"ti":[0.06,-87.83,0]},{"t":350,"s":[102.38,406.95,0],"h":1},{"i":{"x":0.667,"y":1},"o":{"x":0.333,"y":0},"t":367,"s":[102.38,406.95,0],"e":[224.33,530.57,0],"to":[1.71,64.59,0],"ti":[-76.018,-2.179,0]},{"i":{"x":0.648,"y":0.288},"o":{"x":0.308,"y":0},"t":397,"s":[224.33,530.57,0],"e":[223.879,542.894,0],"to":[0.012,3.434,0],"ti":[0.336,-4.145,0]},{"i":{"x":0.833,"y":0.833},"o":{"x":0.39,"y":0.233},"t":403,"s":[223.879,542.894,0],"e":[350.202,588.213,0],"to":[21.63,0.813,0],"ti":[-16.312,-37.849,0]},{"i":{"x":0.667,"y":1},"o":{"x":0.334,"y":0},"t":423,"s":[350.202,588.213,0],"e":[343.346,584.027,0],"to":[-0.277,-0.117,0],"ti":[4.849,-0.519,0]},{"i":{"x":0.667,"y":1},"o":{"x":0.333,"y":0},"t":426,"s":[343.346,584.027,0],"e":[337.105,588.66,0],"to":[-4.371,0.468,0],"ti":[0,0,0]},{"i":{"x":0.833,"y":0.833},"o":{"x":0.431,"y":0.456},"t":429,"s":[337.105,588.66,0],"e":[150.644,601.438,0],"to":[0,0,0],"ti":[0,0,0]},{"i":{"x":0.667,"y":1},"o":{"x":0.167,"y":0.167},"t":454,"s":[150.644,601.438,0],"e":[171.844,599.848,0],"to":[0,0,0],"ti":[0,0,0]},{"i":{"x":0.833,"y":0.833},"o":{"x":0.333,"y":0},"t":459,"s":[171.844,599.848,0],"e":[150.644,601.438,0],"to":[0,0,0],"ti":[0,0,0]},{"i":{"x":0.667,"y":1},"o":{"x":0.167,"y":0.167},"t":464,"s":[150.644,601.438,0],"e":[158.385,600.857,0],"to":[0,0,0],"ti":[0,0,0]},{"i":{"x":0.833,"y":0.833},"o":{"x":0.333,"y":0},"t":467,"s":[158.385,600.857,0],"e":[150.644,601.438,0],"to":[0,0,0],"ti":[0,0,0]},{"t":470}],"ix":2},"a":{"a":0,"k":[-0.25,-5.75,0],"ix":1},"s":{"a":0,"k":[53,53,100],"ix":6}},"ao":0,"t":{"d":{"k":[{"s":{"s":20,"f":"Helvetica","t":"1","j":2,"tr":0,"lh":24,"ls":0,"fc":[0,0,0]},"t":0}]},"p":{},"m":{"g":1,"a":{"a":0,"k":[0,0],"ix":2}},"a":[]},"ip":0,"op":1056,"st":297,"bm":0},{"ddd":0,"ind":16,"ty":4,"nm":"mask","td":1,"sr":1,"ks":{"o":{"a":0,"k":100,"ix":11},"r":{"a":0,"k":0,"ix":10},"p":{"a":0,"k":[223.369,405.244,0],"ix":2},"a":{"a":0,"k":[-46.926,-229.105,0],"ix":1},"s":{"a":0,"k":[53,53,100],"ix":6}},"ao":0,"shapes":[{"ty":"gr","it":[{"d":1,"ty":"el","s":{"a":0,"k":[419.414,419.414],"ix":2},"p":{"a":0,"k":[0,0],"ix":3},"nm":"Ellipse Path 1","mn":"ADBE Vector Shape - Ellipse","hd":false},{"ty":"st","c":{"a":0,"k":[1,1,1,1],"ix":3},"o":{"a":0,"k":100,"ix":4},"w":{"a":0,"k":2,"ix":5},"lc":1,"lj":1,"ml":4,"bm":0,"nm":"Stroke 1","mn":"ADBE Vector Graphic - Stroke","hd":false},{"ty":"fl","c":{"a":0,"k":[1,1,1,1],"ix":4},"o":{"a":0,"k":100,"ix":5},"r":1,"bm":0,"nm":"Fill 1","mn":"ADBE Vector Graphic - Fill","hd":false},{"ty":"tr","p":{"a":0,"k":[-46.926,-229.105],"ix":2},"a":{"a":0,"k":[0,0],"ix":1},"s":{"a":0,"k":[100,100],"ix":3},"r":{"a":0,"k":0,"ix":6},"o":{"a":0,"k":100,"ix":7},"sk":{"a":0,"k":0,"ix":4},"sa":{"a":0,"k":0,"ix":5},"nm":"Transform"}],"nm":"Ellipse 1","np":3,"cix":2,"bm":0,"ix":1,"mn":"ADBE Vector Group","hd":false}],"ip":0,"op":1056,"st":297,"bm":0},{"ddd":0,"ind":17,"ty":4,"nm":"ball-first","tt":2,"sr":1,"ks":{"o":{"a":0,"k":100,"ix":11},"r":{"a":0,"k":0,"ix":10},"p":{"a":1,"k":[{"i":{"x":0.667,"y":1},"o":{"x":0.333,"y":0},"t":304,"s":[223.33,304.6,0],"e":[224.83,282.06,0],"to":[0,0,0],"ti":[0,3.757,0]},{"t":309,"s":[224.83,282.06,0],"h":1},{"i":{"x":0.667,"y":1},"o":{"x":0.333,"y":0},"t":320,"s":[223.33,282.06,0],"e":[102.38,406.95,0],"to":[-49.9,-0.74,0],"ti":[0.06,-87.83,0]},{"t":350,"s":[102.38,406.95,0],"h":1},{"i":{"x":0.667,"y":1},"o":{"x":0.333,"y":0},"t":367,"s":[102.38,406.95,0],"e":[224.33,530.57,0],"to":[1.71,64.59,0],"ti":[-76.018,-2.179,0]},{"i":{"x":0.648,"y":0.288},"o":{"x":0.308,"y":0},"t":397,"s":[224.33,530.57,0],"e":[223.879,542.894,0],"to":[0.012,3.434,0],"ti":[0.336,-4.145,0]},{"i":{"x":0.833,"y":0.833},"o":{"x":0.39,"y":0.233},"t":403,"s":[223.879,542.894,0],"e":[350.202,588.213,0],"to":[21.63,0.813,0],"ti":[-16.312,-37.849,0]},{"i":{"x":0.667,"y":1},"o":{"x":0.334,"y":0},"t":423,"s":[350.202,588.213,0],"e":[343.346,584.027,0],"to":[-0.277,-0.117,0],"ti":[4.849,-0.519,0]},{"i":{"x":0.667,"y":1},"o":{"x":0.333,"y":0},"t":426,"s":[343.346,584.027,0],"e":[337.105,588.66,0],"to":[-4.371,0.468,0],"ti":[0,0,0]},{"i":{"x":0.833,"y":0.833},"o":{"x":0.431,"y":0.456},"t":429,"s":[337.105,588.66,0],"e":[150.644,601.438,0],"to":[0,0,0],"ti":[0,0,0]},{"i":{"x":0.667,"y":1},"o":{"x":0.167,"y":0.167},"t":454,"s":[150.644,601.438,0],"e":[171.844,599.848,0],"to":[0,0,0],"ti":[0,0,0]},{"i":{"x":0.833,"y":0.833},"o":{"x":0.333,"y":0},"t":459,"s":[171.844,599.848,0],"e":[150.644,601.438,0],"to":[0,0,0],"ti":[0,0,0]},{"i":{"x":0.667,"y":1},"o":{"x":0.167,"y":0.167},"t":464,"s":[150.644,601.438,0],"e":[158.385,600.857,0],"to":[0,0,0],"ti":[0,0,0]},{"i":{"x":0.833,"y":0.833},"o":{"x":0.333,"y":0},"t":467,"s":[158.385,600.857,0],"e":[150.644,601.438,0],"to":[0,0,0],"ti":[0,0,0]},{"t":470}],"ix":2},"a":{"a":0,"k":[-87.124,267.376,0],"ix":1},"s":{"a":0,"k":[92.5,92.5,100],"ix":6}},"ao":0,"shapes":[{"ty":"gr","it":[{"d":1,"ty":"el","s":{"a":0,"k":[23.753,23.753],"ix":2},"p":{"a":0,"k":[0,0],"ix":3},"nm":"Ellipse Path 1","mn":"ADBE Vector Shape - Ellipse","hd":false},{"ty":"st","c":{"a":0,"k":[1,1,1,1],"ix":3},"o":{"a":0,"k":100,"ix":4},"w":{"a":0,"k":0,"ix":5},"lc":1,"lj":1,"ml":4,"bm":0,"nm":"Stroke 1","mn":"ADBE Vector Graphic - Stroke","hd":false},{"ty":"gf","o":{"a":0,"k":100,"ix":10},"r":1,"bm":0,"g":{"p":7,"k":{"a":0,"k":[0,0.919,1,0.492,0.207,0.928,0.957,0.342,0.414,0.937,0.914,0.192,0.588,0.845,0.833,0.257,0.762,0.753,0.752,0.322,0.881,0.708,0.639,0.281,1,0.663,0.525,0.24],"ix":9}},"s":{"a":0,"k":[-0.359,-9.454],"ix":5},"e":{"a":0,"k":[-0.799,11.775],"ix":6},"t":1,"nm":"Gradient Fill 1","mn":"ADBE Vector Graphic - G-Fill","hd":false},{"ty":"tr","p":{"a":0,"k":[-87.124,267.376],"ix":2},"a":{"a":0,"k":[0,0],"ix":1},"s":{"a":0,"k":[100,100],"ix":3},"r":{"a":0,"k":0,"ix":6},"o":{"a":0,"k":100,"ix":7},"sk":{"a":0,"k":0,"ix":4},"sa":{"a":0,"k":0,"ix":5},"nm":"Transform"}],"nm":"Ellipse 1","np":3,"cix":2,"bm":0,"ix":1,"mn":"ADBE Vector Group","hd":false}],"ip":0,"op":1056,"st":0,"bm":0},{"ddd":0,"ind":18,"ty":2,"nm":"Ball-Holder.png","cl":"png","refId":"image_1","sr":1,"ks":{"o":{"a":0,"k":50,"ix":11},"r":{"a":1,"k":[{"i":{"x":[0.667],"y":[1]},"o":{"x":[0.333],"y":[0]},"t":320,"s":[0],"e":[-90]},{"i":{"x":[0.667],"y":[1]},"o":{"x":[0.333],"y":[0]},"t":350,"s":[-90],"e":[-90]},{"i":{"x":[0.667],"y":[1]},"o":{"x":[0.333],"y":[0]},"t":367,"s":[-90],"e":[-180]},{"t":397,"s":[-180],"h":1},{"i":{"x":[0.667],"y":[1]},"o":{"x":[0.333],"y":[0]},"t":491,"s":[0],"e":[-90]},{"i":{"x":[0.667],"y":[1]},"o":{"x":[0.333],"y":[0]},"t":521,"s":[-90],"e":[-90]},{"i":{"x":[0.667],"y":[1]},"o":{"x":[0.333],"y":[0]},"t":538,"s":[-90],"e":[-180]},{"t":568,"s":[-180],"h":1},{"i":{"x":[0.667],"y":[1]},"o":{"x":[0.333],"y":[0]},"t":666,"s":[0],"e":[-90]},{"i":{"x":[0.667],"y":[1]},"o":{"x":[0.333],"y":[0]},"t":696,"s":[-90],"e":[-90]},{"i":{"x":[0.667],"y":[1]},"o":{"x":[0.333],"y":[0]},"t":713,"s":[-90],"e":[-180]},{"t":743,"s":[-180],"h":1},{"i":{"x":[0.667],"y":[1]},"o":{"x":[0.333],"y":[0]},"t":836,"s":[0],"e":[-90]},{"i":{"x":[0.667],"y":[1]},"o":{"x":[0.333],"y":[0]},"t":866,"s":[-90],"e":[-90]},{"i":{"x":[0.667],"y":[1]},"o":{"x":[0.333],"y":[0]},"t":883,"s":[-90],"e":[-180]},{"t":913,"s":[-180],"h":1}],"ix":10},"p":{"a":0,"k":[225,406,0],"ix":2},"a":{"a":0,"k":[160,160,0],"ix":1},"s":{"a":0,"k":[100,100,100],"ix":6}},"ao":0,"ip":0,"op":1056,"st":0,"bm":0},{"ddd":0,"ind":19,"ty":9,"nm":"4D_with BG-6.mp4","cl":"mp4","sr":1,"ks":{"o":{"a":0,"k":100,"ix":11},"r":{"a":0,"k":0,"ix":10},"p":{"a":0,"k":[225,370,0],"ix":2},"a":{"a":0,"k":[225,370,0],"ix":1},"s":{"a":0,"k":[100,100,100],"ix":6}},"ao":0,"ip":0,"op":1056,"st":0,"bm":0}],"markers":[]}